{"_wandb":{"runtime":9},"_runtime":9,"_step":49,"train_loss":0.31066325150038065,"epoch":49,"_timestamp":1.784267362945506e+09}