{"_wandb":{"runtime":7},"_runtime":7,"train_loss":0.2603952763111968,"epoch":74,"_timestamp":1.784267521790706e+09,"_step":74}