{"_step":79,"train_loss":0.20499140322208403,"_wandb":{"runtime":2},"_runtime":2,"epoch":79,"_timestamp":1.784277455001001e+09}