{"_step":99,"train_loss":0.15948732756078243,"_wandb":{"runtime":7},"_runtime":7,"epoch":99,"_timestamp":1.784276999385994e+09}