{"train_loss":0.2673660359884563,"epoch":74,"_timestamp":1.784267614613365e+09,"_wandb":{"runtime":7},"_runtime":7,"_step":74}