{"_timestamp":1.784267123034739e+09,"_wandb":{"runtime":3},"_runtime":3,"_step":49,"train_loss":0.7818125141294379,"epoch":49}