{"_runtime":2,"train_loss":0.21180096715688707,"epoch":79,"_timestamp":1.784277236361259e+09,"_step":79,"_wandb":{"runtime":2}}